seed,coefficient_intercept,coefficient_posterior_closure,coefficient_grid_closure,coefficient_posterior_width,coefficient_posterior_center,train_case_count
171,0.0187113882,1.319799562,-0.4303949143,-0.4306758305,0.1416454536,48
172,0.0309864249,2.950413296,-2.02811704,-0.547160637,0.1279581885,48
173,0.0250347095,3.192514956,-2.313261086,-0.4341383901,0.1644919699,48
